,Nick,League Points,Daily Games,Games
0,sètsuko,1838,0,532
1,nhân tâm,1683,0,516
2,HyunTer,1590,0,269
3,Sphinx,1562,0,454
4,VX TFTDL888,1513,0,344
5,Liquid Goose,1503,0,355
6,SpencerTFT,1498,0,386
7,TSM FTX Kiyoon,1495,0,390
8,Ramblinnn,1397,0,183
9,Broccóli,1393,0,291
10,Velayy,1383,0,310
11,EndofSky,1377,0,647
12,Kageros,1357,0,795
13,casparwu,1352,0,542
14,chunkypapa,1305,0,251
15,BC Socks,1303,0,512
16,Liquid Robin,1300,0,422
17,Hydra Summoner,1262,0,222
18,Aesah,1259,0,431
19,dementedgraph,1236,0,327
20,Liquid Kurumx,1221,0,332
21,Kovanel,1208,0,476
22,Souless,1206,0,325
23,TSM FTX Souless,1189,0,273
24,SpicyAppies,1185,0,333
25,iG guubum,1179,0,388
26,Dace,1161,0,344
27,VX15375231123,1160,0,307
28,C9 k3soju,1141,0,642
29,Milk Guy,1136,0,318
30,I Miss Void Sins,1132,0,415
31,Mean Mister Kien,1132,0,591
32,Cottontail,1130,0,737
33,Kiting is Hard,1127,0,481
34,OCE DICTATOR,1116,0,294
35,Stompalittle,1110,0,599
36,I Am BonAppleT,1100,0,319
37,Riot imowt,1096,0,480
38,steppy,1079,0,318
39,iG DQA,1068,0,443
40,FreshVeggies,1056,0,272
41,Ruele,1035,0,242
42,KurumsBodyguard,1034,0,233
43,Teechu,1031,0,540
44,RamKev,1021,0,599
45,Grillsyy,1017,0,584
46,Dıshsoap,1016,0,513
47,milala,1011,0,331
48,XTF MST Kwaz,1008,0,557
49,Darth Nub,985,0,335
50,KR DDUDU,974,0,188
51,BlackBigBig,968,0,517
52,inikoiniko,945,0,396
53,iiLucky,945,0,445
54,Kira,940,0,245
55,poisonpirate,939,0,182
56,BazLoL,935,0,422
57,enaek,921,0,393
58,prine2,919,0,429
59,jdzielinski22,917,0,152
60,Xnieamo,913,0,285
61,xiao dian dian,913,0,392
62,pyrirer,903,0,214
63,chessmage,902,0,290
64,Flashbâng,900,0,407
65,ssenilenoL,899,0,406
66,Wíthin,898,0,421
67,ilikeike,896,0,277
68,freshveggies03,893,0,386
69,HuluBro I 98,892,0,213
70,godp3,886,0,395
71,Tsmmaa,886,0,445
72,bertasaurus,883,0,288
73,Nostereleven,883,0,427
74,Pakhkhk,881,0,278
75,JazLatte,879,0,417
76,Aärön,874,0,444
77,Dowsie Protector,873,0,431
78,PickleOnion,869,0,567
79,papercheeze,868,0,197
80,MegaGrega,852,0,503
81,Yiggles,852,0,390
82,garet,846,0,299
83,Ueckar,844,0,282
84,Teem Onodera,844,0,293
85,bobbyex,844,0,232
86,plumbum,841,0,366
87,Sun Astronaut,840,0,250
88,KevChen,838,0,409
89,KR AlleDeli,832,0,159
90,robivankenob,832,0,599
91,Kr WooZzul,830,0,247
92,Béaster,829,0,248
93,vx dl875792007,828,0,249
94,NodeJS,824,0,293
95,ReynzeR,820,0,212
96,fsf,820,0,503
97,dogdogdog,820,0,452
98,NG bossoskills,812,0,423
99,kevyzhou,810,0,775
100,uwudamndaniel,790,0,360
101,Spethom,790,0,309
102,PPPRESTIVENT,789,0,475
103,carrotman,788,0,283
104,mimi9,788,0,439
105,egg boy john,787,0,336
106,QssYoneAbuser,786,0,119
107,yungkev,781,0,392
108,douyu9305388,776,0,677
109,TFT VX 674706031,775,0,340
110,ASIANGUCCISQUAD,768,0,288
111,Luqun,764,0,326
112,enchabi,763,0,227
113,Zetia,760,0,204
114,VX F2106138897,760,0,348
115,iG Noobowl,758,0,156
116,TACOBELL WlFl,757,0,499
117,KinGKraXx,756,0,378
118,Brad N ,753,0,258
119,TTV WaterAsChase,744,0,981
120,GDtheman,743,0,647
121,HUGE WATERPARK,743,0,474
122,TheWaterBearr,737,0,391
123,dpei,735,0,241
124,RiotMadnessHeroo,726,0,309
125,mD Kjaos,724,0,95
126,TuxedoRose,722,0,591
127,lunaloveee,721,0,298
128,Loomykev11,715,0,368
129,mD Jiggly,709,0,124
130,Chua,706,0,291
131,mD rue loves you,705,0,215
132,KOOMMoley,704,0,286
133,huyg,704,0,398
134,H3XAGON,704,0,383
135,NG Poppin,702,0,316
136,CsCs Rodrigo,698,0,457
137,Tinyy,697,0,225
138,TFT China NO 1,695,0,141
139,rayditz,694,0,536
140,YippeeMaokaiYay,694,0,399
141,falletio,693,0,126
142,Sehnbon,692,0,232
143,HenryGeez,691,0,227
144,rivulet,691,0,555
145,lygnyns,689,0,226
146,The Gentle Blade,688,0,231
147,RONNIESTOPPABLE,687,0,436
148,Clair666,686,0,564
149,JiveNThrive,685,0,438
150,TFTshinyruo,685,0,146
151,Vincentc33,684,0,146
152,Pawnup,682,0,648
153,BBBBBBBBBBBB12,681,0,202
154,CharlesDC,681,0,188
155,Incite,676,0,437
156,NA FREE KEKW,675,0,333
157,afkdrew,675,0,476
158,ADHDisco,675,0,380
159,sÓi 3 chÂn NA,667,0,193
160,Saibur,664,0,363
161,Xeno,663,0,336
162,DoYouWantSomeTea,662,0,652
163,kci,659,0,275
164,m00jo,658,0,296
165,emilywang,657,0,355
166,CamelCarpenter,653,0,298
167,Helping,652,0,256
168,demon king joby,649,0,301
169,TftZoro,648,0,309
170,    ˆŁxmˆ  ,647,0,290
171,TheXienator,644,0,235
172,nctn,643,0,367
173,Zaddo,642,0,257
174,GlassySky47,641,0,302
175,HarmlessPikachu,639,0,310
176,DIVib SA,639,0,148
177,Jamîe,637,0,344
178,Maxxxers,637,0,394
179,Trade,635,0,365
180,RC1,632,0,222
181,Mr 46,631,0,825
182,KAL1 Xi,630,0,199
183,Flightzy,629,0,298
184,Wøng,628,0,200
185,jolly p,628,0,656
186,TrucBacKy,628,0,773
187,WHALEOFPEACE,627,0,268
188,Stellar Minhee,626,0,160
189,Pivot Valorant,625,0,242
190,J or C 2,624,0,115
191,FingerLicker,624,0,278
192,RippleOverdrive2,622,0,141
193,wnvr,621,0,375
194,Hìkari,621,0,360
195,Sserendipity,621,0,273
196,60ember,619,0,243
197,iSexyHugoBabyGOD,618,0,357
198,Rolling ZoZo,618,0,193
199,PhearzMeh,617,0,384
200,mawima,616,0,277
201,brandxnTFT,615,0,179
202,Tragoose,615,0,580
203,WuMonkey,614,0,392
204,Bcraz,613,0,452
205,Isaac142,613,0,306
206,LU JIA HONG,611,0,363
207,sponcyy,609,0,411
208,Myucil,609,0,265
209,Alpa7,609,0,449
210,3 star yasuo,608,0,141
211,hi im obra,606,0,238
212,ImSoFetch,605,0,358
213,FatalMyth,605,0,414
214,becca tilts,603,0,670
215,server diffed ,603,0,184
216,Bruhbruhbruh WHO,603,0,399
217,VanillaXD,602,0,373
218,agentpk1,601,0,204
219,Thats So Frodan,601,0,236
220,MooFoo,601,0,173
221,trikpi,599,0,226
222,TFT BinBin2,599,0,407
223,SkiingStarfruit,598,0,395
224,łillian,598,0,132
225,SmurfSquatch,598,0,345
226,Homesick,597,0,223
227,Swipp,596,0,182
228,Pitzy ,595,0,346
229,FoemanDD,594,0,150
230,DangoX,594,0,210
231,FP0,593,0,530
232,iCopyKeane,593,0,207
233,LegEndDairyDude,591,0,220
234,PBE 77,591,0,183
235,ChungMoney12,588,0,131
236,ShoshinTFT,586,0,263
237,gaozi,586,0,109
238,Connerisme,585,0,304
239,Âzarin,584,0,229
240,Klustic,583,0,317
241,Jummychu,582,0,523
242,Deep Learning,581,0,271
243,See u next time,577,0,240
244,CommandoC,568,0,503
245,idontdocardio,565,0,377
246,RvyaSuihe,550,0,405
247,ache essay,527,0,384
248,OMGTacoTuesdays,517,0,283
249,KOBEent,502,0,190
250,devlus,672,0,348
251,Live for the Day,640,0,564
252,Du Uyên,631,0,317
253,soup eater,609,0,374
254,ttv p1vaaa,603,0,239
255,EvilHorseradish,599,0,135
256,Lambo,587,0,445
257,5tunt,581,0,447
258,Pray2RNGesus,580,0,341
259,Volcaronitee,580,0,283
260,MEMIDMEMIDMEMID,580,0,332
261,imShanix,578,0,269
262,Ripple Overdrive,577,0,164
263,KR Escha,577,0,119
264,BIGsunnyDEE,576,0,287
265,Rekk,576,0,315
266,cmxiaotianshi,575,0,206
267,Hafu,571,0,331
268,marcellasne,571,0,313
269,EvilGenius,570,0,203
270,Big Garlic,568,0,117
271,Kaíro,568,0,137
272,bitibaraga,568,0,368
273,yehacker boy,564,0,165
274,Firethorn,563,0,182
275,Yunan,563,0,223
276,Keima,563,0,227
277,Fiscality,562,0,264
278,NG Tae,558,0,261
279,trikpu,556,0,159
280,pandaQ,556,0,198
281,TFT rookie BoBo,555,0,169
282,JukeYou,553,0,242
283,TTV alexkimtft,552,0,549
284,Nexthy,550,0,380
285,binghin,550,0,197
286,Geriatric Canyon,550,0,303
287,NugeTV,547,0,247
288,skunkywinn,547,0,288
289,MenhitSedna,546,0,181
290,horny and alone,545,0,192
291,Depew,545,0,269
292,Wøømy,535,0,231
293,Whae,533,0,321
294,Kenyounot709,533,0,225
295,JennieRubyJan4,533,0,281
296,MXU,529,0,205
297,Hate,529,0,278
298,BigBoyZai,526,0,455
299,Brothel Manager,526,0,182
300,Kyivix,526,0,187
301,kpal TTV,519,0,452
302,I die level 3,519,0,146
303,theOnLy1z,517,0,204
304,snipergangyeebo,517,0,290
305,GoZiggOrGoHome,516,0,262
306,FL4SH,516,0,354
307,Mahomushie,516,0,294
308,annooyin,514,0,189
309,cracker plague,514,0,271
310,overcastr,513,0,436
311,PeepoClap Guy,512,0,309
312,Meeet,512,0,161
313,Larry Fartbag,512,0,154
314,Vincentive LI,510,0,267
315,RJBlarmo,509,0,200
316,Drinker,507,0,125
317,SadgeSadgeSadge,507,0,264
318,Dages,506,0,313
319,nacjac,506,0,305
320,Campanulatae9,505,0,289
321,Milkpilled,504,0,218
322,CN Ehtel ,503,0,239
323,Moechiu,503,0,390
324,lizste,502,0,170
325,mD aer0,501,0,135
326,buu buu desu,501,0,318
327,zaooaz,500,0,224
328,TheMagykal,498,0,307
329,RunesDk,498,0,292
330,Floobed Myself,493,0,433
331,Gurpin,493,0,138
332,Ashemoo,492,0,122
333,Notmybad,490,0,226
334,Tezzerker,489,0,211
335,deeekayy,489,0,195
336,Xezn,486,0,628
337,unx100,486,0,491
338,cybers abuser,484,0,189
339,Ageldon,483,0,271
340,joshkiddin,482,0,172
341,RBG Jirachy,478,0,167
342,slinkge,478,0,344
343,Tropical,477,0,249
344,Jungshinchareo,475,0,655
345,KR HyunTer gochu,474,0,218
346,Abyssions,472,0,303
347,kurum golf bulge,471,0,401
348,turtleduckling,471,0,236
349,KaeJae,469,0,473
350,time boy,468,0,500
351,FullBoard,468,0,322
352,Mr Kwan,467,0,225
353,Koryean,465,0,619
354,mD PockyGom,464,0,170
355,ClearloveMingkai,462,0,237
356,Raimus,462,0,286
357,quanfafa,461,0,215
358,shiloof,459,0,146
359,Elvisbeback,457,0,531
360,Zeauh,456,0,291
361,Icey,454,0,297
362,aMayZheng,453,0,392
363,Luc1dStryker,453,0,291
364,tran98huy,452,0,430
365,ThePhoKing69,451,0,194
366,F1 Flow,451,0,266
367,ttv BreaDtft,450,0,162
368,BoLennart,449,0,144
369,KzR,448,0,238
370,paxytft,447,0,364
371,JU1CY,446,0,125
372,DKDKDKDKDKDDKDKD,446,0,310
373,soobydooo,445,0,354
374,CoolguyBad,444,0,212
375,Nackson,443,0,515
376,ABeardedPanda,442,0,322
377,BronzieThePengui,442,0,251
378,ElmondTFT,442,0,401
379,Chromha,441,0,527
380,Quick Claw,439,0,179
381,WhySofaKing,436,0,195
382,Teaching LEEsons,435,0,352
383,BR Leko1,435,0,150
384,la ji you x1,431,0,154
385,Gloooop,429,0,167
386,IMBabyhands,428,0,282
387,Phoenixaa,427,0,397
388,Drop0ut,426,0,174
389,ttv JustADonutz,426,0,134
390,Ttkiss,425,0,219
391,Elessar,425,0,266
392,viljar,424,0,223
393,LeesonOnetrick,423,0,134
394,Harmon8r,422,0,170
395,ShrimpNation,422,0,201
396,ACommonQuail TV,422,0,367
397,Jeuster,421,0,156
398,Teemo Should Die,420,0,139
399,KR ssang yeop,419,0,158
400,kramsey,418,0,330
401,moms6res,418,0,652
402,otter popped,416,0,533
403,nings,415,0,236
404,Genosins,414,0,128
405,Kitool       TFT,414,0,147
406,Kelwin,412,0,175
407,Kimouchi,412,0,324
408,Khao7,411,0,162
409,hi im brandon,410,0,268
410,ChubbyChubb,410,0,194
411,mish63,410,0,312
412,Volc4884,410,0,152
413,chocolateking,410,0,213
414,ssaamm,410,0,315
415,5adBox,410,0,392
416,Pls Put it in Me,409,0,233
417,BunnyMuffins,409,0,211
418,staralfur12,409,0,405
419,Yuzuo,409,0,218
420,swellboy ,408,0,424
421,VQ MagicElephant,407,0,159
422,Poka,404,0,473
423,Simony,404,0,165
424,lojikol,403,0,212
425,Triple8s,403,0,138
426,Me space pirate,403,0,265
427,RenDucLuyenTai,403,0,208
428,vinny1999m,402,0,179
429,KR Ruele,402,0,140
430,BurntFrie,402,0,237
431,khashishi,401,0,217
432,TFT Grey,401,0,456
433,Dennish Park,401,0,170
434,daCableguy,401,0,235
435,Zirix,400,0,235
436,Jhin Weak,400,0,361
437,tyreaal,400,0,434
438,Fun2go,399,0,291
439,Harukawa Maki,399,0,225
440,RenaQAQ,399,0,196
441,StoneShi,399,0,86
442,michaeseo,398,0,163
443,onvo,396,0,320
444,ClutchinPenguin,396,0,371
445,cheesytoad,395,0,91
446,Kranos,394,0,251
447,SinglePersona,393,0,191
448,wattIewattIe,393,0,215
449,JimLoveAngie,393,0,240
450,jwolly,393,0,159
451,ezhao103,393,0,288
452,Slindy212,391,0,188
453,stop drop roll,391,0,109
454,LayinAsian,390,0,202
455,TwTv TrajanTFT,390,0,395
456,3k24,388,0,159
457,Garchompro,388,0,163
458,kayrub,387,0,329
459,DrownedGod,387,0,534
460,ZhaoK i999,386,0,167
461,Tohsaka Rin,386,0,391
462,GurtG,385,0,202
463,AnAnorexicPanda,385,0,393
464,TFT Player123,385,0,251
465,Drizzlesly,385,0,258
466,VX QQ  995449167,385,0,135
467,click my d,384,0,118
468,i play mute all,384,0,486
469,dontbullme,383,0,448
470,DeepSquad,383,0,413
471,Skytiger,383,0,297
472,Yung Charmander,382,0,148
473,digitalotus,380,0,157
474,SpicyMeatball2nd,379,0,427
475,gimeyop,378,0,456
476,V1L3,378,0,539
477,JEFFF CHAANGGG,378,0,81
478,TropicalCrayon,377,0,208
479,thi3n,377,0,429
480,Forest Hermit,377,0,574
481,Suboii,374,0,217
482,Evan UwU,374,0,314
483,88888688,372,0,72
484,Bradini,372,0,422
485,Not Shiyi,372,0,252
486,just reptar,371,0,142
487,NO LOVE DEEP WEB,371,0,253
488,ggga,369,0,182
489,zzxczxcxzcxz,368,0,138
490,justniice,366,0,399
491,goldtomato,366,0,403
492,ArJing,366,0,258
493,Tacosu,366,0,306
494,Dad2Point0,365,0,256
495,airon1423,365,0,178
496,çalico,364,0,398
497,So Wurf,364,0,232
498,jeddimindtricks,364,0,197
499,brand1ess,364,0,123
500,CookiesOP,363,0,199
501,Yizora,362,0,187
502,WakeyWakey,362,0,210
503,chiuonthese,361,0,228
504,humbug,361,0,161
505,TftCream,361,0,451
506,Amplive69,360,0,242
507,vetohaze,360,0,146
508,BD Cakespirit,360,0,217
509,MeetTheMeat,360,0,263
510,sayquon,360,0,127
511,BananaShack,358,0,301
512,The Big Whale,358,0,199
513,I Am Josiah,356,0,208
514,døb,356,0,201
515,Wibbs8,355,0,221
516,Fortis Fortuna,355,0,314
517,HailTheGuo,355,0,190
518,Chëvy,353,0,323
519,DohMoh,353,0,168
520,GRAVDUDE11,352,0,144
521,Papa II,351,0,271
522,synpoo,351,0,213
523,Riot Mortdog,351,0,156
524,ACEengine,351,0,361
525,sucko,350,0,271
526,akiSaa,350,0,365
527,Abeeration,349,0,134
528,Chrf,349,0,189
529,ttv Clazzicola,349,0,130
530,tarqz,349,0,312
531,tdays,348,0,257
532,Sixela98,347,0,321
533,Unforgottens,347,0,417
534,hoemaster123,346,0,485
535,Onyanderful,346,0,254
536,Homatsaper,346,0,168
537,kill,345,0,83
538,Matthew 19 24,345,0,378
539,TFT Ponyo,344,0,165
540,Gimi,344,0,387
541,Suzij,344,0,431
542,plex123,343,0,200
543,TTV OmniPieTV,343,0,178
544,proxy14398,343,0,113
545,AcerRazerLogitec,342,0,233
546,LIL GRIEF,342,0,599
547,Yota,342,0,202
548,guubum,342,0,272
549,Hypnoticus0108,342,0,329
550,CanuckKid,341,0,253
551,Molediver Bot,341,0,212
552,shaqou,340,0,361
553,squiblie30,340,0,338
554,Advisings,340,0,240
555,EpicDarkMe,340,0,256
556,seismic10,340,0,197
557,TinMan354,340,0,358
558,Desperration ,339,0,383
559,smoggo,339,0,119
560,Cris,338,0,429
561,Pwuto,338,0,470
562,RevokedHate,338,0,94
563,Pài Dà Xing,337,0,807
564,wú guan feng yuè,334,0,410
565,poppy in dark,333,0,521
566,all3nvan,332,0,188
567,YoonMaster,332,0,147
568,SkiingCantaloupe,332,0,133
569,TTV ChewyTFT,330,0,164
570,Fate Fell Short,329,0,347
571,DanZou1Ge6,329,0,589
572,The Crusher 55,329,0,82
573,LiamLeaferson,329,0,205
574,Prose,328,0,288
575,Ktenology,328,0,231
576,squish3993,328,0,225
577,AzertyKeys,328,0,335
578,Spichip,328,0,199
579,ProbablyGeno,327,0,472
580,Thien sama,327,0,187
581,Dswordx,327,0,279
582,artdaddy,327,0,215
583,Im FZZY,327,0,299
584,Ephemerality115,326,0,296
585,keyii,326,0,470
586,Outoftoon,325,0,308
587,I Need Bình Oxyy,325,0,256
588,Banh Trang Nuong,325,0,158
589,vdv9,324,0,261
590,Shmill,324,0,125
591,MurakamiLi,324,0,154
592,Kazukame,323,0,198
593,DanielHam,323,0,170
594,Simple Plan,323,0,306
595,bromeliaciae,322,0,409
596,UmezawasJittei,322,0,88
597,IGORblonded,322,0,188
598,Wazapper22,322,0,221
599,Paperbond,321,0,244
600,JimBR0,321,0,632
601,Siphs,321,0,232
602,mike4mike,321,0,144
603,Kaele,320,0,264
604,tickytackk,320,0,146
605,Vanske,320,0,192
606,Frumjoa,319,0,292
607,Lunfear,318,0,228
608,yaniha,318,0,207
609,mapstu,318,0,239
610,LOLYOU1337,318,0,247
611,doo0ooooooom,318,0,148
612,IMJhz,317,0,337
613,Eunwilf,317,0,249
614,eune paid actor,317,0,209
615,XTheFarmerX,317,0,215
616,Nixxy Kong,317,0,183
617,Chikapu,316,0,117
618,Gsiwae,316,0,248
619,25percentSyrian,316,0,121
620,josepao1o,316,0,54
621,XxxXxxXXxYTOG,315,0,194
622,QualityHooker,315,0,193
623,Dec 10 2014 frVN,315,0,636
624,Nitsuaa,315,0,213
625,francism10,314,0,314
626,Kandarew,314,0,196
627,ttv linsins,313,0,289
628,Amde,313,0,382
629,Wowjee,312,0,144
630,nWo Pistola,311,0,174
631,EpicGodGamer69,311,0,174
632,Yixin,311,0,98
633,Zhubat,311,0,174
634,Þºw Þºw,311,0,66
635,kstan,310,0,221
636,BobaPhoLife,310,0,96
637,ItsEppic,310,0,251
638,Parval,310,0,175
639,One Reason,309,0,376
640,Són Seungwan,309,0,329
641,sandadddy,308,0,254
642,TigerSpike,308,0,121
643,Archus,308,0,111
644,ThrasiosTFT,307,0,272
645,SoKorean,307,0,212
646,WANGED,306,0,204
647,KingClouddy,305,0,287
648,Polas369,305,0,247
649,goodapple,304,0,165
650,PhDan,304,0,340
651,Zorcey,304,0,322
652,Nep2une,304,0,164
653,Vulvasmasher,304,0,302
654,LaoK TW ,304,0,160
655,Attack,303,0,330
656,IBNR5100,303,0,165
657,Woolenscarf,303,0,111
658,bechus,303,0,199
659,Pé Doge,303,0,182
660,Woest,303,0,233
661,Mirovi,302,0,271
662,Xenophyr,302,0,103
663,Inmaballs,302,0,350
664,Syyten,302,0,186
665,DeadlyCO2,301,0,199
666,postmannnn,301,0,437
667,RexNoFlex,301,0,110
668,DocPwn,301,0,330
669,ZRaisu,301,0,166
670,Mik3P,300,0,61
671,Arabauk,300,0,189
672,Chaelisa,300,0,356
673,Slumkat,299,0,144
674,love can be,299,0,358
675,暧 昧,299,0,208
676,Iindy,299,0,264
677,nL Matt,299,0,159
678,Jyu V Grace,298,0,465
679,Arjun Bot,298,0,183
680,Zam Seng ,298,0,294
681,boomiboom,297,0,154
682,Qu1nt,297,0,262
683,Sgt Re1d,297,0,310
684,Cuty,297,0,208
685,The Overmind,297,0,192
686,TTV Brodka2,296,0,205
687,Diejoubu xD,296,0,573
688,Kain TFT,296,0,177
689,SupaMegaDinosaur,296,0,185
690,Golf Caddy,296,0,252
691,ItsDinodan,296,0,188
692,KrishKross,295,0,426
693,TFT Hololive,295,0,307
694,rozen371,295,0,388
695,Xiaou,295,0,248
696,Cutie Catte,295,0,265
697,Puppy Astronaut,295,0,175
698,Ian952,294,0,182
699,iguro,294,0,344
700,Ghostnomnom,294,0,333
701,XD Diet Pepsi,294,0,119
702,ArmyofPandas,294,0,118
703,emilyywang simp,293,0,171
704,SmoIl Snail,293,0,165
705,Thang,293,0,461
706,doviFuneral,293,0,380
707,Gemiries,293,0,216
708,Sojin,292,0,642
709,alhuang,292,0,163
710,nice try,291,0,189
711,Granøla,291,0,302
712,chiefsmokeaho,291,0,172
713,aznsdxy,290,0,144
714,LEGOGOGO,290,0,136
715,Whipped YESMAN,290,0,182
716,Besomer,290,0,274
717,MollyCookies,289,0,223
718,bare E,289,0,178
719,ˆMaoMaoˆ,288,0,171
720,Anaax,288,0,247
721,Q1G FantheQiQi,288,0,313
722,Haystax,288,0,263
723,Esr1028,287,0,194
724,daekae22,287,0,233
725,MagicalToaster,287,0,217
726,yung jame,287,0,90
727,MyWangDripsCream,287,0,109
728,Bry314,287,0,152
729,Easeyo,287,0,294
730,meedle456,286,0,212
731,MoistDadKisses,281,0,121
732,Just JR,281,0,512
733,Mortus,275,0,512
734,Up North,275,0,395
735,gashee,275,0,130
736,Locker651,268,0,164
737,Paandaplex,267,0,177
738,kirk1,261,0,139
739,horsa,251,0,205
740,puffinwintrade,241,0,221
741,EDG Shltmaker,235,0,304
742,KTrains,230,0,294
743,Munt,230,0,329
744,goatmeowriceeat,229,0,246
745,zebmmm,218,0,220
746,zhunation,215,0,360
747,Fashodo,204,0,234
748,radsrad,166,0,488
749,Ichigo,28,0,146
